日付,時間帯,山田,佐藤,鈴木,高橋,田中,伊藤,渡辺,中村,小林,加藤
1,9-13,◯,◯,◯,◯,-,◯,-,◯,◯,-
1,13-17,◯,◯,-,◯,◯,-,◯,◯,-,◯
1,17-21,-,◯,◯,-,◯,◯,◯,-,◯,◯
2,9-13,◯,-,◯,◯,◯,◯,◯,◯,-,-
2,13-17,◯,◯,-,◯,-,◯,◯,-,◯,◯
2,17-21,-,◯,◯,◯,◯,-,◯,◯,-,◯
3,9-13,◯,◯,◯,-,◯,◯,◯,-,◯,◯
3,13-17,◯,-,◯,◯,◯,◯,-,◯,◯,-
3,17-21,-,◯,◯,◯,-,◯,◯,◯,-,◯
4,9-13,◯,◯,◯,◯,-,◯,-,◯,◯,-
4,13-17,◯,◯,-,◯,◯,-,◯,◯,-,◯
4,17-21,-,◯,◯,-,◯,◯,◯,-,◯,◯
5,9-13,◯,-,◯,◯,◯,◯,◯,◯,-,-
5,13-17,◯,◯,-,◯,-,◯,◯,-,◯,◯
5,17-21,-,◯,◯,◯,◯,-,◯,◯,-,◯
6,9-13,◯,◯,◯,-,◯,◯,◯,-,◯,◯
6,13-17,◯,-,◯,◯,◯,◯,-,◯,◯,-
6,17-21,-,◯,◯,◯,-,◯,◯,◯,-,◯
7,9-13,◯,◯,◯,◯,-,◯,-,◯,◯,-
7,13-17,◯,◯,-,◯,◯,-,◯,◯,-,◯
7,17-21,-,◯,◯,-,◯,◯,◯,-,◯,◯

